Chrome,Internet Explorer,Firefox,Opera,Week
12,1,4,4,2015-07-05 - 2015-07-11
16,1,5,5,2015-07-12 - 2015-07-18
13,1,4,4,2015-07-19 - 2015-07-25
12,1,4,5,2015-06-07 - 2015-06-13
12,1,4,4,2015-06-14 - 2015-06-20
12,1,4,4,2015-06-21 - 2015-06-27
11,1,4,4,2015-06-28 - 2015-07-04
13,1,4,4,2015-05-03 - 2015-05-09
12,1,4,4,2015-05-10 - 2015-05-16
13,1,4,4,2015-05-17 - 2015-05-23
13,1,4,5,2015-05-24 - 2015-05-30
12,1,4,4,2015-05-31 - 2015-06-06
12,1,4,4,2015-04-05 - 2015-04-11
13,1,4,4,2015-04-12 - 2015-04-18
13,1,4,5,2015-04-19 - 2015-04-25
13,1,4,4,2015-04-26 - 2015-05-02
11,1,4,4,2015-03-01 - 2015-03-07
12,1,4,4,2015-03-08 - 2015-03-14
12,2,4,4,2015-03-15 - 2015-03-21
12,1,4,4,2015-03-22 - 2015-03-28
12,1,5,4,2015-03-29 - 2015-04-04
13,1,5,5,2015-02-01 - 2015-02-07
12,1,4,5,2015-02-08 - 2015-02-14
12,1,4,4,2015-02-15 - 2015-02-21
12,1,5,5,2015-02-22 - 2015-02-28
14,1,4,5,2015-01-04 - 2015-01-10
14,1,4,5,2015-01-11 - 2015-01-17
12,1,4,5,2015-01-18 - 2015-01-24
13,1,5,5,2015-01-25 - 2015-01-31
13,1,4,5,2014-12-07 - 2014-12-13
12,1,4,5,2014-12-14 - 2014-12-20
13,1,4,5,2014-12-21 - 2014-12-27
13,1,4,5,2014-12-28 - 2015-01-03
14,1,5,6,2014-11-02 - 2014-11-08
13,1,5,6,2014-11-09 - 2014-11-15
13,1,5,6,2014-11-16 - 2014-11-22
13,1,5,6,2014-11-23 - 2014-11-29
12,1,5,5,2014-11-30 - 2014-12-06
13,1,5,6,2014-10-05 - 2014-10-11
14,1,5,6,2014-10-12 - 2014-10-18
14,1,5,6,2014-10-19 - 2014-10-25
15,1,5,6,2014-10-26 - 2014-11-01
15,1,5,7,2014-09-07 - 2014-09-13
14,1,5,7,2014-09-14 - 2014-09-20
13,1,5,7,2014-09-21 - 2014-09-27
13,1,5,6,2014-09-28 - 2014-10-04
13,1,5,6,2014-08-03 - 2014-08-09
14,1,5,6,2014-08-10 - 2014-08-16
14,1,5,7,2014-08-17 - 2014-08-23
15,1,5,7,2014-08-24 - 2014-08-30
15,1,5,6,2014-08-31 - 2014-09-06
13,2,5,7,2014-07-06 - 2014-07-12
13,1,5,6,2014-07-13 - 2014-07-19
13,1,5,6,2014-07-20 - 2014-07-26
13,1,5,6,2014-07-27 - 2014-08-02
14,2,5,7,2014-06-01 - 2014-06-07
14,1,5,7,2014-06-08 - 2014-06-14
15,1,5,6,2014-06-15 - 2014-06-21
14,1,5,7,2014-06-22 - 2014-06-28
13,1,5,6,2014-06-29 - 2014-07-05
11,1,6,7,2014-05-04 - 2014-05-10
13,1,6,6,2014-05-11 - 2014-05-17
14,1,5,6,2014-05-18 - 2014-05-24
12,1,5,6,2014-05-25 - 2014-05-31
12,2,5,6,2014-04-06 - 2014-04-12
13,1,5,6,2014-04-13 - 2014-04-19
12,1,5,7,2014-04-20 - 2014-04-26
13,1,6,7,2014-04-27 - 2014-05-03
13,1,5,7,2014-03-02 - 2014-03-08
13,1,5,8,2014-03-09 - 2014-03-15
13,1,5,7,2014-03-16 - 2014-03-22
14,2,6,7,2014-03-23 - 2014-03-29
12,2,5,6,2014-03-30 - 2014-04-05
15,2,6,7,2014-02-02 - 2014-02-08
13,1,6,7,2014-02-09 - 2014-02-15
14,2,5,6,2014-02-16 - 2014-02-22
14,1,6,7,2014-02-23 - 2014-03-01
16,2,6,8,2014-01-05 - 2014-01-11
16,2,6,8,2014-01-12 - 2014-01-18
16,1,6,8,2014-01-19 - 2014-01-25
16,2,6,8,2014-01-26 - 2014-02-01
14,2,6,8,2013-12-01 - 2013-12-07
14,2,7,8,2013-12-08 - 2013-12-14
13,2,6,8,2013-12-15 - 2013-12-21
13,2,6,8,2013-12-22 - 2013-12-28
14,1,5,9,2013-12-29 - 2014-01-04
16,2,7,8,2013-11-03 - 2013-11-09
15,2,7,8,2013-11-10 - 2013-11-16
15,2,6,9,2013-11-17 - 2013-11-23
14,2,6,8,2013-11-24 - 2013-11-30
17,2,6,8,2013-10-06 - 2013-10-12
15,1,6,9,2013-10-13 - 2013-10-19
15,2,6,9,2013-10-20 - 2013-10-26
15,2,7,9,2013-10-27 - 2013-11-02
15,1,7,10,2013-09-01 - 2013-09-07
14,2,6,10,2013-09-08 - 2013-09-14
15,2,7,9,2013-09-15 - 2013-09-21
15,1,6,9,2013-09-22 - 2013-09-28
16,2,6,9,2013-09-29 - 2013-10-05
15,1,7,10,2013-08-04 - 2013-08-10
15,2,8,10,2013-08-11 - 2013-08-17
15,2,7,10,2013-08-18 - 2013-08-24
15,2,7,10,2013-08-25 - 2013-08-31
14,2,6,10,2013-07-07 - 2013-07-13
15,2,6,11,2013-07-14 - 2013-07-20
15,2,7,10,2013-07-21 - 2013-07-27
15,2,6,10,2013-07-28 - 2013-08-03
13,2,6,9,2013-06-02 - 2013-06-08
13,2,6,9,2013-06-09 - 2013-06-15
13,2,6,9,2013-06-16 - 2013-06-22
13,2,7,9,2013-06-23 - 2013-06-29
14,2,7,11,2013-06-30 - 2013-07-06
12,2,6,9,2013-05-05 - 2013-05-11
11,2,6,8,2013-05-12 - 2013-05-18
13,2,7,9,2013-05-19 - 2013-05-25
13,2,7,11,2013-05-26 - 2013-06-01
14,2,7,10,2013-04-07 - 2013-04-13
12,2,7,9,2013-04-14 - 2013-04-20
13,2,6,9,2013-04-21 - 2013-04-27
13,1,6,10,2013-04-28 - 2013-05-04
16,2,7,12,2013-03-03 - 2013-03-09
14,2,7,11,2013-03-10 - 2013-03-16
14,2,7,11,2013-03-17 - 2013-03-23
15,2,7,10,2013-03-24 - 2013-03-30
14,2,8,10,2013-03-31 - 2013-04-06
17,2,8,14,2013-02-03 - 2013-02-09
15,2,8,12,2013-02-10 - 2013-02-16
16,2,8,11,2013-02-17 - 2013-02-23
16,3,8,11,2013-02-24 - 2013-03-02
18,2,9,13,2013-01-06 - 2013-01-12
18,2,8,12,2013-01-13 - 2013-01-19
17,2,8,12,2013-01-20 - 2013-01-26
17,2,8,12,2013-01-27 - 2013-02-02
18,3,9,12,2012-12-02 - 2012-12-08
18,2,8,12,2012-12-09 - 2012-12-15
17,2,8,12,2012-12-16 - 2012-12-22
17,2,8,12,2012-12-23 - 2012-12-29
18,2,8,15,2012-12-30 - 2013-01-05
20,3,9,14,2012-11-04 - 2012-11-10
18,3,9,13,2012-11-11 - 2012-11-17
19,3,10,13,2012-11-18 - 2012-11-24
19,3,9,13,2012-11-25 - 2012-12-01
18,3,10,13,2012-10-07 - 2012-10-13
17,3,9,13,2012-10-14 - 2012-10-20
18,3,8,13,2012-10-21 - 2012-10-27
17,3,9,13,2012-10-28 - 2012-11-03
22,5,11,16,2012-09-02 - 2012-09-08
19,5,10,14,2012-09-09 - 2012-09-15
19,5,10,14,2012-09-16 - 2012-09-22
19,4,9,13,2012-09-23 - 2012-09-29
19,3,9,14,2012-09-30 - 2012-10-06
25,3,11,15,2012-08-05 - 2012-08-11
24,3,11,15,2012-08-12 - 2012-08-18
23,5,11,15,2012-08-19 - 2012-08-25
23,6,12,15,2012-08-26 - 2012-09-01
23,2,11,17,2012-07-01 - 2012-07-07
22,3,12,16,2012-07-08 - 2012-07-14
22,3,11,16,2012-07-15 - 2012-07-21
22,2,11,15,2012-07-22 - 2012-07-28
24,2,11,16,2012-07-29 - 2012-08-04
20,4,12,14,2012-06-03 - 2012-06-09
20,3,11,17,2012-06-10 - 2012-06-16
20,3,11,17,2012-06-17 - 2012-06-23
23,3,12,17,2012-06-24 - 2012-06-30
19,3,9,14,2012-05-06 - 2012-05-12
20,4,9,13,2012-05-13 - 2012-05-19
21,3,9,13,2012-05-20 - 2012-05-26
19,3,9,15,2012-05-27 - 2012-06-02
28,3,12,16,2012-04-01 - 2012-04-07
25,2,10,14,2012-04-08 - 2012-04-14
21,3,9,13,2012-04-15 - 2012-04-21
20,2,11,14,2012-04-22 - 2012-04-28
21,2,10,14,2012-04-29 - 2012-05-05
25,3,12,17,2012-03-04 - 2012-03-10
24,3,12,15,2012-03-11 - 2012-03-17
23,3,11,16,2012-03-18 - 2012-03-24
24,3,11,17,2012-03-25 - 2012-03-31
31,3,14,17,2012-02-05 - 2012-02-11
28,3,12,17,2012-02-12 - 2012-02-18
24,3,12,17,2012-02-19 - 2012-02-25
27,3,13,17,2012-02-26 - 2012-03-03
37,3,15,22,2012-01-01 - 2012-01-07
33,3,15,19,2012-01-08 - 2012-01-14
30,3,14,19,2012-01-15 - 2012-01-21
28,3,14,19,2012-01-22 - 2012-01-28
28,3,15,18,2012-01-29 - 2012-02-04
30,3,14,20,2011-12-04 - 2011-12-10
32,3,13,20,2011-12-11 - 2011-12-17
31,3,15,19,2011-12-18 - 2011-12-24
31,2,14,18,2011-12-25 - 2011-12-31
31,3,20,20,2011-11-06 - 2011-11-12
30,3,16,20,2011-11-13 - 2011-11-19
30,4,15,19,2011-11-20 - 2011-11-26
30,4,15,20,2011-11-27 - 2011-12-03
34,3,17,21,2011-10-02 - 2011-10-08
31,3,16,22,2011-10-09 - 2011-10-15
30,4,16,24,2011-10-16 - 2011-10-22
32,3,15,24,2011-10-23 - 2011-10-29
33,3,16,25,2011-10-30 - 2011-11-05
36,4,20,22,2011-09-04 - 2011-09-10
36,3,19,23,2011-09-11 - 2011-09-17
38,3,17,21,2011-09-18 - 2011-09-24
36,4,22,21,2011-09-25 - 2011-10-01
30,4,21,21,2011-08-07 - 2011-08-13
30,4,29,20,2011-08-14 - 2011-08-20
30,4,22,19,2011-08-21 - 2011-08-27
32,4,20,22,2011-08-28 - 2011-09-03
31,4,22,22,2011-07-03 - 2011-07-09
30,4,22,21,2011-07-10 - 2011-07-16
31,4,21,21,2011-07-17 - 2011-07-23
27,4,18,20,2011-07-24 - 2011-07-30
33,4,20,22,2011-07-31 - 2011-08-06
30,5,19,21,2011-06-05 - 2011-06-11
33,5,20,22,2011-06-12 - 2011-06-18
33,5,30,22,2011-06-19 - 2011-06-25
33,4,24,25,2011-06-26 - 2011-07-02
28,5,25,24,2011-05-01 - 2011-05-07
30,4,21,24,2011-05-08 - 2011-05-14
27,4,19,23,2011-05-15 - 2011-05-21
25,5,21,20,2011-05-22 - 2011-05-28
27,5,19,19,2011-05-29 - 2011-06-04
28,6,26,26,2011-04-03 - 2011-04-09
26,6,24,30,2011-04-10 - 2011-04-16
25,5,21,24,2011-04-17 - 2011-04-23
26,5,22,24,2011-04-24 - 2011-04-30
37,5,23,27,2011-03-06 - 2011-03-12
36,9,21,26,2011-03-13 - 2011-03-19
37,7,49,31,2011-03-20 - 2011-03-26
32,5,35,28,2011-03-27 - 2011-04-02
27,6,22,26,2011-02-06 - 2011-02-12
27,6,22,28,2011-02-13 - 2011-02-19
28,5,21,26,2011-02-20 - 2011-02-26
30,5,23,26,2011-02-27 - 2011-03-05
27,5,22,32,2011-01-02 - 2011-01-08
24,6,21,28,2011-01-09 - 2011-01-15
24,5,20,25,2011-01-16 - 2011-01-22
22,5,22,30,2011-01-23 - 2011-01-29
27,5,22,32,2011-01-30 - 2011-02-05
30,5,22,28,2010-12-05 - 2010-12-11
25,5,21,31,2010-12-12 - 2010-12-18
23,6,25,31,2010-12-19 - 2010-12-25
22,4,22,29,2010-12-26 - 2011-01-01
25,5,25,30,2010-11-07 - 2010-11-13
20,4,21,30,2010-11-14 - 2010-11-20
23,4,24,26,2010-11-21 - 2010-11-27
24,5,20,26,2010-11-28 - 2010-12-04
28,7,24,36,2010-10-03 - 2010-10-09
26,6,25,35,2010-10-10 - 2010-10-16
27,7,26,31,2010-10-17 - 2010-10-23
25,5,22,30,2010-10-24 - 2010-10-30
25,7,22,33,2010-10-31 - 2010-11-06
26,5,26,32,2010-09-05 - 2010-09-11
24,6,27,37,2010-09-12 - 2010-09-18
25,8,28,35,2010-09-19 - 2010-09-25
23,5,27,36,2010-09-26 - 2010-10-02
22,5,24,33,2010-08-01 - 2010-08-07
21,6,25,32,2010-08-08 - 2010-08-14
22,5,25,32,2010-08-15 - 2010-08-21
20,5,27,37,2010-08-22 - 2010-08-28
24,5,26,32,2010-08-29 - 2010-09-04
26,4,28,38,2010-07-04 - 2010-07-10
20,6,26,34,2010-07-11 - 2010-07-17
24,5,31,33,2010-07-18 - 2010-07-24
20,6,28,31,2010-07-25 - 2010-07-31
22,6,24,25,2010-06-06 - 2010-06-12
19,5,22,27,2010-06-13 - 2010-06-19
24,6,30,29,2010-06-20 - 2010-06-26
26,6,30,31,2010-06-27 - 2010-07-03
21,7,25,25,2010-05-02 - 2010-05-08
22,6,25,24,2010-05-09 - 2010-05-15
19,5,22,28,2010-05-16 - 2010-05-22
21,5,22,25,2010-05-23 - 2010-05-29
24,6,23,29,2010-05-30 - 2010-06-05
20,5,26,33,2010-04-04 - 2010-04-10
20,5,27,30,2010-04-11 - 2010-04-17
21,5,22,26,2010-04-18 - 2010-04-24
21,5,28,27,2010-04-25 - 2010-05-01
21,5,25,32,2010-03-07 - 2010-03-13
21,6,30,31,2010-03-14 - 2010-03-20
23,7,31,40,2010-03-21 - 2010-03-27
21,5,28,33,2010-03-28 - 2010-04-03
21,5,28,30,2010-02-07 - 2010-02-13
20,5,30,30,2010-02-14 - 2010-02-20
17,5,28,29,2010-02-21 - 2010-02-27
19,5,28,35,2010-02-28 - 2010-03-06
22,6,32,41,2010-01-03 - 2010-01-09
21,6,32,36,2010-01-10 - 2010-01-16
19,7,33,30,2010-01-17 - 2010-01-23
25,6,34,28,2010-01-24 - 2010-01-30
23,5,31,28,2010-01-31 - 2010-02-06
22,6,29,34,2009-12-06 - 2009-12-12
17,6,27,28,2009-12-13 - 2009-12-19
17,5,29,30,2009-12-20 - 2009-12-26
17,5,29,36,2009-12-27 - 2010-01-02
17,6,34,36,2009-11-01 - 2009-11-07
17,6,32,33,2009-11-08 - 2009-11-14
22,6,30,29,2009-11-15 - 2009-11-21
21,5,28,33,2009-11-22 - 2009-11-28
16,7,26,34,2009-11-29 - 2009-12-05
19,7,27,32,2009-10-04 - 2009-10-10
16,7,31,31,2009-10-11 - 2009-10-17
15,7,27,31,2009-10-18 - 2009-10-24
14,6,29,37,2009-10-25 - 2009-10-31
12,6,30,38,2009-09-06 - 2009-09-12
16,6,32,37,2009-09-13 - 2009-09-19
16,6,28,35,2009-09-20 - 2009-09-26
15,7,29,34,2009-09-27 - 2009-10-03
16,7,35,32,2009-08-02 - 2009-08-08
15,6,29,32,2009-08-09 - 2009-08-15
14,6,34,33,2009-08-16 - 2009-08-22
14,8,29,38,2009-08-23 - 2009-08-29
15,7,33,51,2009-08-30 - 2009-09-05
18,7,42,33,2009-07-05 - 2009-07-11
17,6,38,33,2009-07-12 - 2009-07-18
12,6,36,37,2009-07-19 - 2009-07-25
14,6,31,32,2009-07-26 - 2009-08-01
14,6,27,33,2009-06-07 - 2009-06-13
13,8,29,37,2009-06-14 - 2009-06-20
12,7,27,31,2009-06-21 - 2009-06-27
11,6,45,32,2009-06-28 - 2009-07-04
10,6,25,33,2009-05-03 - 2009-05-09
10,7,24,28,2009-05-10 - 2009-05-16
12,7,25,27,2009-05-17 - 2009-05-23
13,5,26,29,2009-05-24 - 2009-05-30
12,6,25,33,2009-05-31 - 2009-06-06
10,10,25,34,2009-04-05 - 2009-04-11
9,8,26,31,2009-04-12 - 2009-04-18
10,7,28,34,2009-04-19 - 2009-04-25
11,9,32,30,2009-04-26 - 2009-05-02
10,8,30,36,2009-03-01 - 2009-03-07
10,6,28,37,2009-03-08 - 2009-03-14
11,11,27,33,2009-03-15 - 2009-03-21
14,11,27,35,2009-03-22 - 2009-03-28
13,9,27,32,2009-03-29 - 2009-04-04
11,8,30,34,2009-02-01 - 2009-02-07
10,8,28,34,2009-02-08 - 2009-02-14
9,6,28,33,2009-02-15 - 2009-02-21
10,7,27,34,2009-02-22 - 2009-02-28
12,6,30,43,2009-01-04 - 2009-01-10
13,6,28,37,2009-01-11 - 2009-01-17
9,8,24,33,2009-01-18 - 2009-01-24
11,7,27,36,2009-01-25 - 2009-01-31
12,8,25,32,2008-12-07 - 2008-12-13
13,9,28,34,2008-12-14 - 2008-12-20
9,7,27,32,2008-12-21 - 2008-12-27
9,6,36,40,2008-12-28 - 2009-01-03
9,8,30,37,2008-11-02 - 2008-11-08
8,8,26,33,2008-11-09 - 2008-11-15
9,9,28,29,2008-11-16 - 2008-11-22
10,7,26,30,2008-11-23 - 2008-11-29
9,7,27,31,2008-11-30 - 2008-12-06
11,9,30,39,2008-10-05 - 2008-10-11
10,8,33,33,2008-10-12 - 2008-10-18
8,9,27,34,2008-10-19 - 2008-10-25
9,8,25,30,2008-10-26 - 2008-11-01
34,9,31,32,2008-09-07 - 2008-09-13
18,8,29,30,2008-09-14 - 2008-09-20
13,9,30,27,2008-09-21 - 2008-09-27
11,9,31,35,2008-09-28 - 2008-10-04
0,8,37,36,2008-08-03 - 2008-08-09
0,6,27,31,2008-08-10 - 2008-08-16
0,7,33,31,2008-08-17 - 2008-08-23
0,9,36,35,2008-08-24 - 2008-08-30
100,9,39,36,2008-08-31 - 2008-09-06
0,9,35,38,2008-07-06 - 2008-07-12
0,6,35,30,2008-07-13 - 2008-07-19
0,8,34,31,2008-07-20 - 2008-07-26
0,9,34,36,2008-07-27 - 2008-08-02
0,8,33,28,2008-06-01 - 2008-06-07
0,7,32,39,2008-06-08 - 2008-06-14
0,9,89,45,2008-06-15 - 2008-06-21
0,7,48,37,2008-06-22 - 2008-06-28
0,8,45,37,2008-06-29 - 2008-07-05
0,6,31,30,2008-05-04 - 2008-05-10
0,7,27,25,2008-05-11 - 2008-05-17
0,8,27,28,2008-05-18 - 2008-05-24
0,7,27,28,2008-05-25 - 2008-05-31
0,8,29,28,2008-04-06 - 2008-04-12
0,6,25,27,2008-04-13 - 2008-04-19
0,8,28,27,2008-04-20 - 2008-04-26
0,8,26,31,2008-04-27 - 2008-05-03
0,8,24,23,2008-03-02 - 2008-03-08
0,8,27,27,2008-03-09 - 2008-03-15
0,7,29,31,2008-03-16 - 2008-03-22
0,9,29,29,2008-03-23 - 2008-03-29
0,8,27,31,2008-03-30 - 2008-04-05
0,11,26,31,2008-02-03 - 2008-02-09
0,7,26,29,2008-02-10 - 2008-02-16
0,9,24,35,2008-02-17 - 2008-02-23
0,7,27,31,2008-02-24 - 2008-03-01
0,8,25,31,2008-01-06 - 2008-01-12
0,7,25,29,2008-01-13 - 2008-01-19
0,7,23,30,2008-01-20 - 2008-01-26
0,9,23,27,2008-01-27 - 2008-02-02
0,9,33,27,2007-12-02 - 2007-12-08
0,8,24,29,2007-12-09 - 2007-12-15
0,8,28,26,2007-12-16 - 2007-12-22
0,6,24,31,2007-12-23 - 2007-12-29
0,10,29,38,2007-12-30 - 2008-01-05
0,6,28,33,2007-11-04 - 2007-11-10
0,8,26,30,2007-11-11 - 2007-11-17
0,6,29,30,2007-11-18 - 2007-11-24
0,7,29,29,2007-11-25 - 2007-12-01
0,8,28,33,2007-10-07 - 2007-10-13
0,7,24,32,2007-10-14 - 2007-10-20
0,9,30,32,2007-10-21 - 2007-10-27
0,7,25,25,2007-10-28 - 2007-11-03
0,11,28,27,2007-09-02 - 2007-09-08
0,7,25,25,2007-09-09 - 2007-09-15
0,6,30,28,2007-09-16 - 2007-09-22
0,7,31,32,2007-09-23 - 2007-09-29
0,11,31,30,2007-09-30 - 2007-10-06
0,8,25,28,2007-08-05 - 2007-08-11
0,11,23,28,2007-08-12 - 2007-08-18
0,9,24,24,2007-08-19 - 2007-08-25
0,11,29,27,2007-08-26 - 2007-09-01
0,8,29,22,2007-07-01 - 2007-07-07
0,8,31,29,2007-07-08 - 2007-07-14
0,5,31,33,2007-07-15 - 2007-07-21
0,8,30,28,2007-07-22 - 2007-07-28
0,5,32,30,2007-07-29 - 2007-08-04
0,6,27,22,2007-06-03 - 2007-06-09
0,9,20,21,2007-06-10 - 2007-06-16
0,4,21,23,2007-06-17 - 2007-06-23
0,9,25,21,2007-06-24 - 2007-06-30
0,7,20,23,2007-05-06 - 2007-05-12
0,7,26,21,2007-05-13 - 2007-05-19
0,6,22,30,2007-05-20 - 2007-05-26
0,6,25,21,2007-05-27 - 2007-06-02
0,9,23,25,2007-04-01 - 2007-04-07
0,8,25,23,2007-04-08 - 2007-04-14
0,6,26,27,2007-04-15 - 2007-04-21
0,5,31,29,2007-04-22 - 2007-04-28
0,6,26,25,2007-04-29 - 2007-05-05
0,10,27,34,2007-03-04 - 2007-03-10
0,9,27,24,2007-03-11 - 2007-03-17
0,10,24,27,2007-03-18 - 2007-03-24
0,6,23,25,2007-03-25 - 2007-03-31
0,9,28,28,2007-02-04 - 2007-02-10
0,6,23,25,2007-02-11 - 2007-02-17
0,7,23,25,2007-02-18 - 2007-02-24
0,9,24,21,2007-02-25 - 2007-03-03
0,10,27,23,2007-01-07 - 2007-01-13
0,12,20,22,2007-01-14 - 2007-01-20
0,10,27,27,2007-01-21 - 2007-01-27
0,10,26,24,2007-01-28 - 2007-02-03
0,9,26,27,2006-12-03 - 2006-12-09
0,11,24,26,2006-12-10 - 2006-12-16
0,8,28,22,2006-12-17 - 2006-12-23
0,8,26,25,2006-12-24 - 2006-12-30
0,9,25,29,2006-12-31 - 2007-01-06
0,9,29,18,2006-11-05 - 2006-11-11
0,9,24,28,2006-11-12 - 2006-11-18
0,9,33,23,2006-11-19 - 2006-11-25
0,8,24,24,2006-11-26 - 2006-12-02
0,9,28,23,2006-10-01 - 2006-10-07
0,8,19,20,2006-10-08 - 2006-10-14
0,8,17,21,2006-10-15 - 2006-10-21
0,16,42,25,2006-10-22 - 2006-10-28
0,11,38,24,2006-10-29 - 2006-11-04
0,5,22,26,2006-09-03 - 2006-09-09
0,6,31,19,2006-09-10 - 2006-09-16
0,8,22,26,2006-09-17 - 2006-09-23
0,8,24,24,2006-09-24 - 2006-09-30
0,9,23,34,2006-08-06 - 2006-08-12
0,8,21,24,2006-08-13 - 2006-08-19
0,14,21,24,2006-08-20 - 2006-08-26
0,9,22,22,2006-08-27 - 2006-09-02
0,9,17,34,2006-07-02 - 2006-07-08
0,9,20,23,2006-07-09 - 2006-07-15
0,11,29,28,2006-07-16 - 2006-07-22
0,8,18,32,2006-07-23 - 2006-07-29
0,8,26,31,2006-07-30 - 2006-08-05
0,10,17,24,2006-06-04 - 2006-06-10
0,10,25,27,2006-06-11 - 2006-06-17
0,11,28,32,2006-06-18 - 2006-06-24
0,8,21,35,2006-06-25 - 2006-07-01
0,7,26,20,2006-05-07 - 2006-05-13
0,7,14,22,2006-05-14 - 2006-05-20
0,8,15,17,2006-05-21 - 2006-05-27
0,9,19,22,2006-05-28 - 2006-06-03
0,7,21,18,2006-04-02 - 2006-04-08
0,12,24,25,2006-04-09 - 2006-04-15
0,8,17,28,2006-04-16 - 2006-04-22
0,8,19,19,2006-04-23 - 2006-04-29
0,6,19,21,2006-04-30 - 2006-05-06
0,8,24,23,2006-03-05 - 2006-03-11
0,8,12,21,2006-03-12 - 2006-03-18
0,9,18,23,2006-03-19 - 2006-03-25
0,10,17,25,2006-03-26 - 2006-04-01
0,9,23,30,2006-02-05 - 2006-02-11
0,9,16,33,2006-02-12 - 2006-02-18
0,11,18,39,2006-02-19 - 2006-02-25
0,13,22,26,2006-02-26 - 2006-03-04
0,0,18,27,2006-01-01 - 2006-01-07
0,0,21,30,2006-01-08 - 2006-01-14
0,8,25,37,2006-01-15 - 2006-01-21
0,10,19,28,2006-01-22 - 2006-01-28
0,13,22,22,2006-01-29 - 2006-02-04
0,0,28,23,2005-12-04 - 2005-12-10
0,0,26,14,2005-12-11 - 2005-12-17
0,0,21,24,2005-12-18 - 2005-12-24
0,0,22,23,2005-12-25 - 2005-12-31
0,10,24,19,2005-11-06 - 2005-11-12
0,10,19,24,2005-11-13 - 2005-11-19
0,8,19,21,2005-11-20 - 2005-11-26
0,9,30,21,2005-11-27 - 2005-12-03
0,11,20,21,2005-10-02 - 2005-10-08
0,11,22,24,2005-10-09 - 2005-10-15
0,11,25,16,2005-10-16 - 2005-10-22
0,11,27,18,2005-10-23 - 2005-10-29
0,10,16,27,2005-10-30 - 2005-11-05
0,13,21,18,2005-09-04 - 2005-09-10
0,13,28,35,2005-09-11 - 2005-09-17
0,12,29,35,2005-09-18 - 2005-09-24
0,11,20,24,2005-09-25 - 2005-10-01
0,13,25,37,2005-08-07 - 2005-08-13
0,13,24,22,2005-08-14 - 2005-08-20
0,13,22,17,2005-08-21 - 2005-08-27
0,13,14,44,2005-08-28 - 2005-09-03
0,0,24,26,2005-07-03 - 2005-07-09
0,0,36,27,2005-07-10 - 2005-07-16
0,0,39,31,2005-07-17 - 2005-07-23
0,12,27,30,2005-07-24 - 2005-07-30
0,12,20,22,2005-07-31 - 2005-08-06
0,0,18,24,2005-06-05 - 2005-06-11
0,12,11,20,2005-06-12 - 2005-06-18
0,0,21,28,2005-06-19 - 2005-06-25
0,0,19,28,2005-06-26 - 2005-07-02
0,0,20,19,2005-05-01 - 2005-05-07
0,0,25,18,2005-05-08 - 2005-05-14
0,0,20,26,2005-05-15 - 2005-05-21
0,0,19,28,2005-05-22 - 2005-05-28
0,0,18,22,2005-05-29 - 2005-06-04
0,13,20,20,2005-04-03 - 2005-04-09
0,15,18,18,2005-04-10 - 2005-04-16
0,0,16,28,2005-04-17 - 2005-04-23
0,0,16,28,2005-04-24 - 2005-04-30
0,0,21,38,2005-03-06 - 2005-03-12
0,10,25,22,2005-03-13 - 2005-03-19
0,11,25,22,2005-03-20 - 2005-03-26
0,11,14,21,2005-03-27 - 2005-04-02
0,0,32,28,2005-02-06 - 2005-02-12
0,0,20,27,2005-02-13 - 2005-02-19
0,0,22,32,2005-02-20 - 2005-02-26
0,0,28,20,2005-02-27 - 2005-03-05
0,18,20,23,2005-01-02 - 2005-01-08
0,19,25,33,2005-01-09 - 2005-01-15
0,21,25,17,2005-01-16 - 2005-01-22
0,0,26,28,2005-01-23 - 2005-01-29
0,0,25,34,2005-01-30 - 2005-02-05
0,0,18,42,2004-12-05 - 2004-12-11
0,0,15,17,2004-12-12 - 2004-12-18
0,14,22,27,2004-12-19 - 2004-12-25
0,16,20,25,2004-12-26 - 2005-01-01
0,0,34,25,2004-11-07 - 2004-11-13
0,0,24,21,2004-11-14 - 2004-11-20
0,0,32,24,2004-11-21 - 2004-11-27
0,0,18,21,2004-11-28 - 2004-12-04
0,0,21,24,2004-10-03 - 2004-10-09
0,0,16,22,2004-10-10 - 2004-10-16
0,0,16,26,2004-10-17 - 2004-10-23
0,0,16,28,2004-10-24 - 2004-10-30
0,0,25,32,2004-10-31 - 2004-11-06
0,0,0,30,2004-09-05 - 2004-09-11
0,0,0,28,2004-09-12 - 2004-09-18
0,0,15,21,2004-09-19 - 2004-09-25
0,18,18,21,2004-09-26 - 2004-10-02
0,0,0,31,2004-08-01 - 2004-08-07
0,0,0,31,2004-08-08 - 2004-08-14
0,0,0,29,2004-08-15 - 2004-08-21
0,0,0,22,2004-08-22 - 2004-08-28
0,0,0,28,2004-08-29 - 2004-09-04
0,18,0,29,2004-07-04 - 2004-07-10
0,0,0,29,2004-07-11 - 2004-07-17
0,0,0,20,2004-07-18 - 2004-07-24
0,0,0,30,2004-07-25 - 2004-07-31
0,0,0,25,2004-06-06 - 2004-06-12
0,0,0,27,2004-06-13 - 2004-06-19
0,0,0,30,2004-06-20 - 2004-06-26
0,0,0,29,2004-06-27 - 2004-07-03
0,0,0,25,2004-05-02 - 2004-05-08
0,0,0,25,2004-05-09 - 2004-05-15
0,18,0,28,2004-05-16 - 2004-05-22
0,0,0,34,2004-05-23 - 2004-05-29
0,0,0,27,2004-05-30 - 2004-06-05
0,0,0,22,2004-04-04 - 2004-04-10
0,0,0,22,2004-04-11 - 2004-04-17
0,0,0,22,2004-04-18 - 2004-04-24
0,0,0,25,2004-04-25 - 2004-05-01
0,0,0,33,2004-03-07 - 2004-03-13
0,0,0,36,2004-03-14 - 2004-03-20
0,0,0,23,2004-03-21 - 2004-03-27
0,0,0,23,2004-03-28 - 2004-04-03
0,0,0,0,2004-02-01 - 2004-02-07
0,0,0,28,2004-02-08 - 2004-02-14
0,0,0,26,2004-02-15 - 2004-02-21
0,0,0,29,2004-02-22 - 2004-02-28
0,0,0,31,2004-02-29 - 2004-03-06
0,0,0,0,2004-01-04 - 2004-01-10
0,0,0,0,2004-01-11 - 2004-01-17
0,0,0,0,2004-01-18 - 2004-01-24
0,0,0,0,2004-01-25 - 2004-01-31
